member_id,app_visits,web_visits,days_since_registration,total_purchases,avg_purchase_value,customer_service_calls,account_age_days,platform_preference,subscription_type,churn
MEM000001,18,10,161,5,94.8818212426509,0.0,243,iOS,Basic,0
MEM000002,10,6,278,0,43.70588390478887,3.0,787,Android,Basic,0
MEM000003,16,4,897,6,47.119945452377586,5.0,579,iOS,Basic,0
MEM000004,19,4,497,4,76.15785510073982,3.0,526,iOS,Basic,0
MEM000005,11,4,655,6,101.04043150811835,1.0,202,iOS,Free,0
MEM000006,13,9,1060,3,53.29713519094098,2.0,134,Android,Free,0
MEM000007,14,7,303,6,60.257418935267935,6.0,508,iOS,Basic,1
MEM000008,16,11,438,3,25.716009004818652,1.0,463,iOS,Free,0
MEM000009,12,8,726,5,18.217033849311612,2.0,671,iOS,Free,0
MEM000010,14,12,1056,2,161.28098890542094,4.0,722,Web,Free,0
MEM000011,11,10,186,4,45.84669013632295,3.0,1020,Android,Free,0
MEM000012,16,4,673,7,16.345469424751595,2.0,951,Android,Premium,0
MEM000013,16,3,1001,6,109.81122456487122,0.0,223,Android,Free,1
MEM000014,13,5,279,7,99.19908664583248,5.0,872,iOS,Basic,0
MEM000015,17,10,683,6,64.79265442241588,0.0,830,Android,Basic,0
MEM000016,10,5,1026,2,36.26277017816129,1.0,88,iOS,Free,0
MEM000017,12,4,1011,0,20.63472161391087,2.0,507,Android,Premium,0
MEM000018,13,10,925,4,,2.0,562,Android,Free,0
MEM000019,15,6,380,5,90.08450290364766,4.0,621,Android,Premium,0
MEM000020,9,10,835,2,22.909043743641803,3.0,868,iOS,Free,0
MEM000021,6,11,999,3,13.825177138254984,2.0,578,iOS,Free,0
MEM000022,14,5,285,6,64.02734223758091,2.0,1067,Android,Free,1
MEM000023,19,8,421,9,40.02981714485146,1.0,250,Android,Free,0
MEM000024,12,6,113,6,23.675795312884553,1.0,905,iOS,Premium,0
MEM000025,10,9,1018,4,25.527657478664693,1.0,707,iOS,Free,0
MEM000026,18,11,228,2,4.83615550780903,6.0,691,Web,Basic,0
MEM000027,17,13,528,6,27.03116969699972,0.0,713,Android,Free,0
MEM000028,18,4,496,7,84.4670417273402,3.0,365,Web,Premium,0
MEM000029,13,8,31,2,18.436425254394102,4.0,254,iOS,Basic,0
MEM000030,20,5,162,6,178.59987552297005,3.0,900,Android,Free,1
MEM000031,13,11,705,8,40.66903991998561,3.0,64,iOS,Free,1
MEM000032,13,8,722,4,10.736574723510554,,217,Android,Basic,0
MEM000033,18,3,446,6,48.98130493209858,0.0,672,iOS,Free,1
MEM000034,21,10,744,6,18.381640421123283,,992,iOS,Free,0
MEM000035,10,12,427,1,65.09189809195307,2.0,997,iOS,Basic,0
MEM000036,18,7,504,7,94.16463168939066,0.0,523,Android,Premium,0
MEM000037,18,8,721,6,74.49990287281126,1.0,340,Android,Premium,0
MEM000038,15,2,684,5,73.29676606299962,0.0,550,Android,Basic,0
MEM000039,13,6,582,3,29.073227313793907,6.0,398,Web,Basic,0
MEM000040,21,2,1058,7,18.849140000773442,2.0,775,Android,Premium,1
MEM000041,14,11,736,4,59.79279448981816,5.0,60,Android,Basic,1
MEM000042,12,11,691,2,20.149391939968154,4.0,1027,Web,Free,1
MEM000043,12,8,758,7,29.89938099763178,1.0,526,Android,Premium,0
MEM000044,22,14,754,5,20.836238553206165,4.0,993,iOS,Free,0
MEM000045,19,13,24,8,23.06479853845159,4.0,327,Web,Free,0
MEM000046,21,2,55,7,63.1827498639404,2.0,606,iOS,Basic,0
MEM000047,13,12,1050,5,21.903796126590926,1.0,83,Android,Free,0
MEM000048,12,7,804,4,64.0148315439433,2.0,258,iOS,Free,0
MEM000049,14,9,327,3,93.81386968124555,2.0,808,Android,Free,0
MEM000050,10,6,970,9,26.32758755591479,2.0,1014,Android,Basic,0
MEM000051,23,8,186,4,15.782024941311878,4.0,402,iOS,Premium,0
MEM000052,15,9,495,8,81.27168290882437,0.0,498,Android,Free,1
MEM000053,25,7,1036,4,51.27706182865387,1.0,449,Android,Free,0
MEM000054,15,8,434,2,21.36688030187856,1.0,561,iOS,Free,0
MEM000055,12,6,208,2,31.187897474983338,2.0,1017,iOS,Basic,0
MEM000056,16,7,133,5,54.47717058287231,3.0,591,iOS,Basic,0
MEM000057,7,10,369,8,9.362286085047424,0.0,119,Web,Free,1
MEM000058,21,9,423,5,120.95521244293525,1.0,398,Android,Free,1
MEM000059,10,9,1033,6,76.73100923900958,1.0,44,Web,Basic,1
MEM000060,17,2,244,3,41.29307400111217,0.0,373,iOS,Basic,0
MEM000061,12,6,782,5,116.90614860614998,1.0,1089,iOS,Free,1
MEM000062,13,9,624,8,104.28406758037987,2.0,946,iOS,Free,0
MEM000063,17,4,567,4,35.17220869525809,1.0,234,iOS,Free,0
MEM000064,9,13,527,5,33.05379060984998,2.0,805,Android,Premium,0
MEM000065,13,8,37,1,34.11400059325929,3.0,715,Web,Premium,1
MEM000066,17,11,178,5,61.159040410841406,3.0,747,iOS,Basic,0
MEM000067,15,6,639,6,57.770844079211436,2.0,254,Web,Premium,0
MEM000068,17,8,852,3,6.381971020493231,2.0,93,iOS,Basic,0
MEM000069,17,7,72,6,54.94903015283865,0.0,977,Web,Premium,0
MEM000070,22,11,352,5,54.7011099558105,1.0,990,iOS,Free,0
MEM000071,13,8,623,5,34.40429573306444,1.0,349,Web,Free,0
MEM000072,12,11,105,6,43.22431963995392,2.0,386,iOS,Basic,0
MEM000073,19,2,221,6,7.915959426953649,6.0,122,Web,Basic,0
MEM000074,15,5,863,7,13.441045806149878,1.0,724,iOS,Free,0
MEM000075,21,5,518,6,20.12651777909968,1.0,463,iOS,Free,0
MEM000076,13,6,299,5,61.743020420301264,3.0,870,Android,Free,0
MEM000077,17,12,861,6,96.9274903499063,4.0,1053,iOS,Free,1
MEM000078,16,5,42,6,58.874823111540174,1.0,927,Android,Free,0
MEM000079,9,7,771,5,45.02329336668439,2.0,913,Web,Basic,0
MEM000080,15,7,897,10,68.45039303624743,2.0,807,Android,Premium,0
MEM000081,17,13,492,4,2.2056233452822602,1.0,521,Android,Basic,0
MEM000082,18,9,1071,8,91.59663501088907,1.0,842,iOS,Premium,1
MEM000083,13,8,85,6,37.09541982035902,0.0,421,Android,Premium,0
MEM000084,17,8,1082,4,83.85499768311362,1.0,50,Android,Free,0
MEM000085,9,4,991,5,65.37016583214566,2.0,542,Web,Free,0
MEM000086,12,10,711,4,21.353103515204637,,937,iOS,Free,0
MEM000087,21,13,209,6,49.30796529140563,2.0,744,Android,Premium,0
MEM000088,19,6,39,2,23.030975968328676,5.0,973,iOS,Free,0
MEM000089,16,9,926,2,57.33786855684691,1.0,379,iOS,Basic,1
MEM000090,11,9,762,9,130.7195572197448,1.0,575,iOS,Free,0
MEM000091,12,9,946,1,57.521457375743246,1.0,628,iOS,Premium,0
MEM000092,17,3,52,3,20.50334206375831,3.0,61,iOS,Free,1
MEM000093,21,8,374,4,76.79970102148565,2.0,288,iOS,Premium,0
MEM000094,12,9,931,3,19.5003331593873,0.0,505,Web,Free,0
MEM000095,20,7,156,2,94.28185862454276,2.0,854,iOS,Free,0
MEM000096,11,6,679,6,16.43475206891331,,1001,Web,Basic,0
MEM000097,22,4,351,2,85.88789328016044,1.0,949,iOS,Premium,0
MEM000098,16,16,69,7,26.969003571263052,0.0,62,iOS,Basic,0
MEM000099,10,11,1076,10,61.85863303384094,1.0,928,Android,Premium,1
MEM000100,20,9,654,1,77.34908797870985,3.0,417,Android,Basic,0
MEM000101,17,7,63,2,48.85888626777191,1.0,827,Android,Basic,1
MEM000102,13,13,509,4,29.57303346039714,5.0,485,Android,Free,1
MEM000103,15,4,292,4,50.25251772914208,2.0,253,iOS,Free,0
MEM000104,19,10,821,8,37.094931686623276,3.0,246,Android,Free,0
MEM000105,17,8,150,6,42.28953258716529,2.0,185,Android,Premium,0
MEM000106,21,8,881,2,9.376227218092685,0.0,818,iOS,Premium,0
MEM000107,13,5,704,6,67.12999339440687,1.0,65,Web,Basic,1
MEM000108,16,9,516,8,47.78964867601069,1.0,665,Android,Free,0
MEM000109,15,5,30,8,6.975778756075749,3.0,38,iOS,Free,0
MEM000110,12,6,326,2,31.13553175178919,4.0,1093,Web,Premium,0
MEM000111,4,8,949,5,4.201741497888179,2.0,208,Web,Free,1
MEM000112,19,5,16,4,43.009911216643985,3.0,988,Android,Premium,0
MEM000113,10,13,111,3,60.54152637580034,0.0,530,iOS,Free,0
MEM000114,18,11,872,8,23.756026840195883,0.0,402,Web,Free,1
MEM000115,16,9,713,3,22.276919331004112,1.0,999,iOS,Premium,0
MEM000116,7,6,107,7,29.826167004713238,2.0,544,iOS,Free,0
MEM000117,15,9,379,2,22.16275539777635,2.0,393,iOS,Free,0
MEM000118,15,9,162,1,18.79115131818355,2.0,806,Android,Premium,0
MEM000119,19,3,283,5,5.8370382521186865,2.0,803,Web,Basic,1
MEM000120,14,7,269,4,21.536992126231063,0.0,358,Android,Basic,0
MEM000121,19,8,484,4,9.699411657267621,2.0,823,Web,Basic,0
MEM000122,14,8,667,4,91.3601801682812,1.0,991,iOS,Free,1
MEM000123,10,7,598,3,102.58530356273006,0.0,399,iOS,Free,0
MEM000124,16,6,799,0,58.035341506416636,1.0,626,Android,Free,1
MEM000125,17,5,798,2,88.27187789346738,1.0,600,Web,Free,0
MEM000126,16,10,390,3,19.980862177639562,0.0,1091,Android,Free,0
MEM000127,14,5,416,4,60.14818906365416,2.0,406,iOS,Basic,0
MEM000128,13,8,426,2,59.01995677532167,2.0,129,iOS,Free,1
MEM000129,6,8,997,6,50.82753041443498,2.0,845,iOS,Basic,0
MEM000130,15,8,867,5,29.11214083100185,2.0,147,iOS,Free,1
MEM000131,15,6,86,1,40.68705869129809,0.0,450,iOS,Free,1
MEM000132,11,8,423,8,49.34408400542882,3.0,570,Web,Free,0
MEM000133,14,7,118,6,48.49013836234389,0.0,959,Android,Premium,0
MEM000134,17,10,959,1,17.763339788473953,2.0,728,Android,Free,0
MEM000135,13,7,882,9,98.34974181047626,0.0,142,iOS,Basic,0
MEM000136,15,8,992,3,43.198052349134954,4.0,402,iOS,Basic,1
MEM000137,17,9,415,9,70.20645436089248,0.0,328,Android,Free,0
MEM000138,8,8,599,4,25.840127574957815,5.0,1072,Web,Basic,1
MEM000139,23,6,40,3,57.412761488490595,4.0,805,Android,Premium,1
MEM000140,14,9,703,7,45.4633210005938,0.0,700,Web,Basic,0
MEM000141,14,7,537,5,19.512343382052517,0.0,40,Web,Free,1
MEM000142,23,8,420,6,41.159515592339126,2.0,37,iOS,Basic,0
MEM000143,11,11,664,3,32.06952950034497,3.0,490,iOS,Basic,0
MEM000144,9,7,95,7,34.770066086976804,1.0,284,Android,Free,0
MEM000145,9,9,973,5,79.07884354006498,1.0,615,Android,Free,0
MEM000146,8,8,650,8,37.6164980246133,2.0,391,iOS,Free,0
MEM000147,20,6,288,7,75.79916675644553,4.0,1032,Android,Free,1
MEM000148,19,6,412,3,61.40653730670578,1.0,817,Android,Free,1
MEM000149,16,14,400,5,44.61782840696811,1.0,238,Web,Free,0
MEM000150,12,12,528,9,82.20619836979724,0.0,296,iOS,Free,1
MEM000151,13,5,1042,5,77.78369093094358,1.0,685,iOS,Premium,0
MEM000152,13,12,136,6,44.68945849972046,0.0,1026,Android,Basic,1
MEM000153,20,8,759,4,47.25786931380885,1.0,583,Android,Premium,0
MEM000154,18,7,843,6,82.81147527828445,2.0,765,Android,Basic,0
MEM000155,15,4,710,6,64.1711628801311,3.0,450,Web,Free,0
MEM000156,13,5,1025,5,97.66231279151674,1.0,337,Android,Free,0
MEM000157,14,5,381,6,37.011522186049476,4.0,166,Android,Premium,0
MEM000158,21,4,509,4,15.039325580337332,3.0,224,iOS,Free,0
MEM000159,13,7,806,4,23.121529426590172,2.0,1078,Android,Free,0
MEM000160,24,9,476,7,6.424315416057631,1.0,635,Android,Free,0
MEM000161,16,7,954,7,21.840013255999295,3.0,1043,Web,Free,1
MEM000162,12,6,849,5,63.68143369211939,3.0,891,Web,Free,0
MEM000163,17,7,897,3,37.48513098109587,2.0,250,Android,Free,0
MEM000164,9,4,32,3,19.372447170022213,1.0,326,Android,Free,0
MEM000165,7,9,118,3,26.355108208183225,2.0,1040,iOS,Basic,0
MEM000166,14,10,191,2,50.86284693036775,2.0,372,iOS,Free,1
MEM000167,13,11,74,6,27.48262689593746,4.0,622,iOS,Basic,0
MEM000168,10,11,623,3,34.2712218942887,1.0,921,iOS,Basic,0
MEM000169,16,8,871,3,10.01776875100149,0.0,106,Android,Basic,0
MEM000170,17,10,586,11,89.97226677498386,7.0,736,iOS,Free,0
MEM000171,13,9,420,4,98.73278076073848,,786,Android,Basic,1
MEM000172,13,8,473,10,20.304796465854366,2.0,619,Android,Free,0
MEM000173,18,3,114,8,31.136905980679675,1.0,417,Android,Free,0
MEM000174,14,5,330,3,5.551736665417389,7.0,956,Android,Basic,0
MEM000175,9,7,339,7,84.98657969942983,1.0,666,iOS,Free,0
MEM000176,7,7,238,5,13.119153471170625,4.0,170,Web,Free,1
MEM000177,9,8,79,3,39.75123815931115,0.0,1080,iOS,Free,0
MEM000178,18,5,464,5,16.815396904220773,1.0,477,Web,Free,0
MEM000179,25,7,605,6,40.455801329171976,3.0,322,iOS,Free,0
MEM000180,8,7,562,5,74.17667841663845,5.0,744,Android,Premium,0
MEM000181,16,7,285,5,61.11856970916622,3.0,486,iOS,Free,0
MEM000182,14,7,223,2,64.35992616584151,1.0,921,iOS,Free,0
MEM000183,6,10,593,6,11.724918535515346,1.0,868,Android,Basic,0
MEM000184,14,7,373,5,38.9701418278314,3.0,683,Android,Basic,0
MEM000185,12,9,911,4,141.00691509326498,1.0,693,iOS,Premium,0
MEM000186,15,7,828,7,48.680037892691644,3.0,794,Android,Premium,0
MEM000187,16,5,236,5,41.59854964140153,2.0,205,iOS,Basic,0
MEM000188,17,8,671,6,33.26823519831626,0.0,539,iOS,Premium,0
MEM000189,13,12,828,6,45.412587011779884,0.0,734,Web,Free,0
MEM000190,17,4,763,6,40.34848583256875,2.0,631,Web,Basic,0
MEM000191,21,9,380,3,125.15400225167245,3.0,867,Android,Premium,0
MEM000192,23,7,794,5,71.05094194104821,1.0,1031,iOS,Basic,0
MEM000193,16,9,614,4,36.76295283463584,,80,iOS,Premium,0
MEM000194,22,10,563,8,68.61077722276755,1.0,715,Web,Free,0
MEM000195,6,6,420,3,21.748962576090562,1.0,295,iOS,Free,0
MEM000196,13,11,52,2,39.86941778509431,1.0,635,Web,Premium,0
MEM000197,16,6,819,1,27.479910405298913,3.0,614,iOS,Free,0
MEM000198,19,9,205,7,65.44039320375138,1.0,368,Web,Basic,0
MEM000199,14,9,1001,3,37.69578340737722,4.0,403,iOS,Free,0
MEM000200,20,7,731,2,44.92816122950197,3.0,609,iOS,Basic,0
MEM000201,14,7,257,4,35.52637479145003,4.0,546,Android,Premium,0
MEM000202,24,8,185,6,52.55562627082534,2.0,150,Web,Free,1
MEM000203,12,12,145,2,66.15632622974626,1.0,866,Web,Free,1
MEM000204,16,7,1038,7,98.93736396561027,1.0,599,Android,Free,0
MEM000205,9,4,246,4,32.95816220125282,2.0,72,Android,Premium,0
MEM000206,15,7,187,10,17.728752051058507,2.0,101,Android,Basic,0
MEM000207,15,7,866,8,54.607388488408446,2.0,120,Android,Free,0
MEM000208,16,7,40,6,13.787475348049552,4.0,520,Web,Free,1
MEM000209,20,5,601,7,32.195493831650914,1.0,778,Android,Premium,0
MEM000210,10,7,962,3,10.434955140988599,2.0,1027,Android,Premium,0
MEM000211,18,6,986,4,215.43785553621802,1.0,412,Android,Free,1
MEM000212,17,7,9,8,90.53138388892926,1.0,834,Android,Free,1
MEM000213,10,7,350,5,,3.0,199,Web,Basic,0
MEM000214,13,11,84,4,102.25378774959226,1.0,947,iOS,Basic,1
MEM000215,14,10,533,4,78.64513835721256,4.0,180,iOS,Premium,0
MEM000216,21,8,989,5,48.90106286484124,2.0,460,Android,Free,0
MEM000217,15,11,358,5,49.92369006383524,0.0,480,iOS,Basic,0
MEM000218,14,7,378,4,95.70812702303633,5.0,672,Android,Basic,0
MEM000219,15,11,172,3,99.98761993589925,3.0,809,Web,Premium,0
MEM000220,15,4,1049,6,19.15026467082037,2.0,52,Android,Free,1
MEM000221,17,6,393,8,36.89774558643746,0.0,396,Web,Free,0
MEM000222,8,8,702,5,43.77641417074618,0.0,680,iOS,Free,0
MEM000223,10,12,549,5,80.30656206599198,4.0,849,Web,Premium,0
MEM000224,10,6,784,3,21.903891227018036,1.0,268,Android,Free,0
MEM000225,11,6,332,5,19.88532084905138,1.0,463,iOS,Free,1
MEM000226,21,8,794,5,12.751093489423676,1.0,733,Android,Basic,0
MEM000227,17,10,649,10,27.88853484965325,4.0,971,Web,Free,0
MEM000228,11,9,983,4,31.89626344610345,1.0,570,iOS,Free,0
MEM000229,11,13,1053,4,114.69868603077755,,662,Android,Free,0
MEM000230,11,8,543,9,74.12958884344356,3.0,227,Web,Basic,0
MEM000231,10,11,1043,5,80.27568582212118,0.0,511,iOS,Basic,0
MEM000232,11,10,491,4,17.18765160891705,1.0,898,Android,Premium,0
MEM000233,15,11,283,2,35.235716202184946,3.0,552,Android,Premium,1
MEM000234,16,13,862,4,67.87568281296953,2.0,680,iOS,Free,1
MEM000235,7,6,113,4,46.163010681596695,2.0,988,Android,Basic,0
MEM000236,11,12,862,5,59.98689073981246,2.0,466,iOS,Free,1
MEM000237,13,7,610,2,12.968245567952838,1.0,886,Android,Free,0
MEM000238,16,9,508,8,44.78070827258421,1.0,343,iOS,Free,1
MEM000239,14,5,466,3,70.4192990457163,2.0,48,iOS,Free,1
MEM000240,15,8,824,5,17.733137739395623,1.0,847,Android,Free,1
MEM000241,9,10,609,4,7.734140126302128,2.0,151,iOS,Free,1
MEM000242,15,9,290,5,17.07825766174584,2.0,101,iOS,Basic,0
MEM000243,12,2,868,7,94.87020316459727,2.0,489,Web,Free,0
MEM000244,11,8,782,6,14.777677559040498,2.0,198,Web,Basic,0
MEM000245,10,7,162,7,42.178197182594296,3.0,611,Web,Free,1
MEM000246,16,4,624,3,7.419764393360218,1.0,658,Android,Free,0
MEM000247,19,8,717,8,19.877982883025545,6.0,55,Web,Free,1
MEM000248,9,13,567,3,48.2400628521127,2.0,750,Web,Free,0
MEM000249,16,5,994,6,41.460424490241806,1.0,1063,Android,Free,0
MEM000250,14,4,596,6,85.05401737081897,0.0,150,iOS,Basic,1
MEM000251,12,9,959,6,55.72541884456403,2.0,155,iOS,Basic,0
MEM000252,17,4,1013,3,17.73098360251403,1.0,578,Android,Free,1
MEM000253,16,6,475,1,34.82083225648195,1.0,326,Web,Free,1
MEM000254,9,8,618,6,29.531316033883297,1.0,715,Android,Premium,0
MEM000255,12,11,641,5,4.169059375449648,1.0,1002,Android,Free,0
MEM000256,11,8,262,2,116.68483518517361,2.0,664,iOS,Free,0
MEM000257,11,4,162,4,,0.0,411,iOS,Basic,1
MEM000258,8,6,181,10,48.744305907102124,1.0,1080,Android,Basic,0
MEM000259,9,9,725,3,66.38468104654544,,734,Web,Basic,0
MEM000260,19,9,469,11,67.00574681250224,1.0,526,iOS,Basic,0
MEM000261,11,6,21,2,72.00821355441826,2.0,881,Web,Free,0
MEM000262,22,10,260,3,30.87351405466664,1.0,736,iOS,Free,0
MEM000263,16,6,466,3,28.00650622277771,0.0,150,Android,Free,0
MEM000264,18,4,537,2,87.27262586536304,3.0,655,Android,Basic,0
MEM000265,13,4,952,3,118.6105338284422,1.0,555,Web,Premium,0
MEM000266,15,8,766,6,7.3885804012574985,7.0,781,iOS,Free,1
MEM000267,9,9,959,6,85.13922152022762,3.0,125,iOS,Free,0
MEM000268,12,10,934,7,34.838380232283924,0.0,56,iOS,Free,1
MEM000269,10,13,851,3,39.464971560188324,3.0,865,Web,Free,0
MEM000270,15,11,533,5,2.2211858634179125,3.0,516,iOS,Free,1
MEM000271,13,8,15,2,42.14147634569672,3.0,269,iOS,Basic,0
MEM000272,13,11,50,5,,0.0,96,Android,Premium,0
MEM000273,12,1,999,4,3.62379141069434,0.0,260,Android,Free,0
MEM000274,18,14,304,1,93.12180598377462,1.0,380,Web,Free,0
MEM000275,15,10,416,3,48.34079571782463,2.0,790,Web,Free,0
MEM000276,13,9,305,3,53.80157513635524,1.0,892,Android,Free,0
MEM000277,10,10,196,8,92.59987998446763,7.0,386,Web,Free,0
MEM000278,23,6,813,10,67.8647860971227,1.0,1059,Android,Basic,0
MEM000279,8,12,800,4,12.41070051890921,0.0,358,iOS,Free,1
MEM000280,16,6,388,5,78.84126893489231,2.0,940,Web,Premium,1
MEM000281,10,11,757,6,9.37838651601419,3.0,367,Android,Basic,0
MEM000282,11,7,455,3,64.23976051416452,3.0,911,Android,Basic,0
MEM000283,17,7,713,11,135.27857340444302,2.0,568,Android,Free,0
MEM000284,13,7,705,5,64.63698884860356,2.0,766,Android,Basic,0
MEM000285,14,3,848,5,31.91399176504489,1.0,472,iOS,Free,0
MEM000286,14,5,175,3,132.21405286479455,1.0,953,Android,Free,1
MEM000287,14,7,1090,7,48.18255201244621,2.0,949,Web,Free,1
MEM000288,18,14,279,2,18.2267533424032,1.0,80,Android,Premium,0
MEM000289,12,9,758,5,24.512502858990317,1.0,178,iOS,Free,0
MEM000290,14,4,363,4,,3.0,397,Web,Free,0
MEM000291,21,12,171,6,152.7471075083479,2.0,609,iOS,Free,0
MEM000292,16,9,1075,4,63.865074295783174,2.0,685,iOS,Free,0
MEM000293,10,5,665,5,65.49137956466478,1.0,105,iOS,Free,0
MEM000294,16,5,592,3,58.00545859399773,2.0,256,iOS,Free,0
MEM000295,10,7,931,5,50.87414260412248,3.0,988,Android,Basic,1
MEM000296,12,13,274,6,28.315617211641474,1.0,621,Android,Free,1
MEM000297,13,10,508,3,14.535716566132658,3.0,53,Web,Basic,0
MEM000298,10,10,363,7,54.3503674828965,3.0,57,Web,Basic,1
MEM000299,19,5,848,4,129.5953241844402,2.0,150,Web,Free,0
MEM000300,12,7,655,2,52.342122283350875,3.0,882,Android,Basic,0
MEM000301,18,5,298,12,99.0527828446442,6.0,653,Android,Basic,1
MEM000302,17,11,494,4,7.127369322418045,3.0,919,Web,Basic,1
MEM000303,12,7,546,2,52.54158883233645,1.0,60,Android,Basic,0
MEM000304,16,9,304,7,26.832310575770897,2.0,899,Android,Basic,0
MEM000305,10,7,904,1,17.359945772882597,2.0,79,Android,Free,0
MEM000306,15,8,239,0,111.72903237382081,,755,iOS,Basic,0
MEM000307,22,6,650,3,29.81964633362609,3.0,418,Android,Free,0
MEM000308,17,2,884,10,63.76855534207536,2.0,973,Android,Basic,0
MEM000309,16,6,410,2,38.4524206958942,5.0,1044,Android,Free,0
MEM000310,14,6,726,9,12.368821761869823,2.0,504,iOS,Premium,0
MEM000311,22,12,1047,3,70.16672870674167,0.0,785,Android,Free,1
MEM000312,14,5,318,6,31.58754150142528,0.0,632,Web,Basic,0
MEM000313,20,5,525,5,77.64805816521012,1.0,955,Web,Basic,0
MEM000314,16,6,905,3,20.01469478965875,3.0,1059,iOS,Premium,0
MEM000315,7,6,1024,8,27.251961649639355,1.0,822,iOS,Basic,0
MEM000316,19,9,620,4,62.081446597869,1.0,441,Android,Free,0
MEM000317,13,12,953,5,21.483422430720516,2.0,691,Android,Premium,0
MEM000318,15,10,801,4,69.3507247705719,1.0,220,iOS,Basic,0
MEM000319,13,5,916,4,5.574918039094628,2.0,815,iOS,Basic,0
MEM000320,18,10,320,3,14.738238199834411,3.0,614,Web,Premium,0
MEM000321,11,12,876,5,44.31530313458441,5.0,988,Android,Free,0
MEM000322,10,4,329,3,65.58058572774466,3.0,529,Android,Free,0
MEM000323,15,8,753,7,45.8644126755587,1.0,609,Android,Basic,0
MEM000324,21,8,657,2,60.25056191087241,3.0,845,Android,Basic,0
MEM000325,16,7,1038,7,30.061544395973794,0.0,809,iOS,Free,0
MEM000326,10,6,71,4,5.027391462464613,5.0,972,Android,Basic,0
MEM000327,15,6,827,3,33.23413954584644,3.0,294,iOS,Free,0
MEM000328,8,8,865,3,33.85166277630968,1.0,36,Android,Basic,1
MEM000329,11,9,928,8,93.493241467916,3.0,724,iOS,Premium,0
MEM000330,16,11,106,10,68.37681925218556,0.0,1021,Android,Free,0
MEM000331,18,11,770,5,15.98387884306995,4.0,947,Android,Basic,0
MEM000332,15,6,893,8,3.473003140963387,2.0,777,iOS,Basic,0
MEM000333,14,8,196,1,38.267095643589535,0.0,175,iOS,Free,0
MEM000334,10,10,145,6,26.67848883818077,0.0,270,iOS,Free,0
MEM000335,13,6,471,2,123.19073102384199,1.0,886,Android,Free,1
MEM000336,17,7,216,4,95.45984642747548,1.0,316,iOS,Basic,0
MEM000337,18,6,260,4,12.357546109005426,1.0,981,iOS,Free,1
MEM000338,12,8,934,8,,0.0,55,Android,Free,1
MEM000339,19,8,575,7,59.67350577696449,2.0,481,Android,Free,0
MEM000340,17,13,285,4,58.05436704981985,3.0,135,iOS,Free,0
MEM000341,9,5,484,7,203.75637426555895,2.0,269,Android,Basic,1
MEM000342,19,9,372,5,39.25583638955674,1.0,361,Web,Basic,0
MEM000343,17,8,70,7,72.74827760199132,3.0,941,Web,Free,0
MEM000344,11,11,379,3,79.93018654671715,1.0,674,iOS,Basic,0
MEM000345,11,7,302,4,54.56989949033944,5.0,64,Web,Basic,0
MEM000346,14,8,255,8,122.09716274671327,2.0,905,Android,Free,0
MEM000347,19,4,944,7,48.903952554016975,2.0,413,Web,Free,0
MEM000348,12,7,692,2,77.04986864057629,4.0,840,Android,Premium,0
MEM000349,16,8,834,2,23.75154474552488,1.0,777,Android,Basic,0
MEM000350,16,12,717,6,14.631438140234094,0.0,988,Android,Basic,0
MEM000351,16,8,424,8,61.758102230420484,3.0,1086,Android,Free,1
MEM000352,18,7,213,4,40.78850415393401,1.0,124,Android,Premium,0
MEM000353,20,9,100,6,42.60471345209233,1.0,1049,iOS,Basic,0
MEM000354,14,9,308,8,32.578205170102784,4.0,234,iOS,Premium,0
MEM000355,12,10,678,6,75.88194565909147,,863,Android,Premium,0
MEM000356,17,4,475,4,48.24760730558808,1.0,59,Web,Premium,0
MEM000357,11,5,112,6,165.18748548598458,3.0,295,Android,Premium,0
MEM000358,9,10,183,6,47.0715767388181,1.0,52,Android,Free,1
MEM000359,12,13,597,4,56.49287850645535,3.0,638,Android,Premium,0
MEM000360,11,13,165,4,82.48854606727652,4.0,68,iOS,Free,0
MEM000361,20,7,815,5,61.45610202230182,4.0,202,iOS,Premium,0
MEM000362,16,8,90,9,15.258570713522914,1.0,789,Android,Free,0
MEM000363,14,6,455,5,36.288681629069615,4.0,443,Web,Basic,1
MEM000364,15,10,238,6,22.361120961336482,0.0,721,iOS,Free,0
MEM000365,11,8,534,9,59.20464970741606,0.0,644,Android,Basic,1
MEM000366,8,5,727,3,51.64395896001499,0.0,238,iOS,Free,0
MEM000367,12,10,58,10,78.99094587201382,1.0,51,iOS,Free,1
MEM000368,12,13,542,7,86.50759667742675,4.0,34,iOS,Premium,1
MEM000369,18,3,1022,6,22.334021907034607,1.0,680,Android,Basic,0
MEM000370,16,10,618,5,85.32337443021059,2.0,243,iOS,Free,0
MEM000371,18,1,402,5,94.46245237630274,1.0,949,iOS,Free,1
MEM000372,16,5,1006,9,18.380371179183282,5.0,936,Android,Free,1
MEM000373,15,10,842,7,56.559528066012795,1.0,701,Web,Basic,0
MEM000374,13,13,839,7,106.44455185033065,1.0,696,iOS,Premium,0
MEM000375,9,11,519,5,35.83089913655865,2.0,829,Android,Basic,0
MEM000376,18,6,197,2,42.79845835308988,2.0,346,iOS,Free,0
MEM000377,17,9,46,5,56.2977282136931,2.0,822,Web,Free,1
MEM000378,12,11,530,4,47.58669816553669,2.0,605,Android,Premium,0
MEM000379,12,8,1000,7,49.920300154845584,1.0,120,Web,Free,0
MEM000380,13,6,776,3,67.43156243152015,2.0,790,iOS,Basic,0
MEM000381,22,4,74,3,69.32275903033317,4.0,799,Android,Free,0
MEM000382,24,10,335,6,41.66241665647676,4.0,30,Android,Basic,0
MEM000383,11,13,633,3,130.37601619911166,4.0,138,iOS,Premium,0
MEM000384,20,6,688,5,22.267911618108897,4.0,957,iOS,Free,1
MEM000385,19,6,575,3,77.3437281293478,1.0,235,Android,Basic,0
MEM000386,17,8,296,8,3.707227977692455,6.0,879,Android,Basic,0
MEM000387,12,8,1039,3,45.059158570677646,4.0,619,iOS,Free,0
MEM000388,23,10,478,7,2.7948348338157696,2.0,652,Android,Free,0
MEM000389,11,7,633,5,47.39165437543724,1.0,994,iOS,Basic,0
MEM000390,21,8,319,6,60.88233874583512,1.0,994,iOS,Free,0
MEM000391,17,8,479,4,33.30439673881323,2.0,682,Android,Premium,0
MEM000392,23,13,368,6,44.04650009365042,4.0,108,iOS,Free,0
MEM000393,13,8,367,7,72.94183653351071,2.0,444,Android,Free,0
MEM000394,12,6,378,10,0.3386511208372636,1.0,668,iOS,Free,1
MEM000395,13,9,463,7,28.835154761477767,4.0,820,Android,Free,0
MEM000396,8,6,13,6,108.6061244620461,1.0,1091,Android,Free,0
MEM000397,15,7,536,4,14.90098773604056,3.0,362,Web,Free,0
MEM000398,13,6,270,6,24.66226766741396,6.0,317,iOS,Basic,0
MEM000399,20,12,1094,2,5.376509946153847,0.0,190,Android,Premium,0
MEM000400,12,4,376,2,29.05833173032325,3.0,349,iOS,Basic,1
MEM000401,20,7,257,3,39.99564529705849,3.0,953,Android,Free,0
MEM000402,20,6,217,9,198.86942074429146,2.0,393,Android,Premium,0
MEM000403,18,10,450,4,58.10161926886135,0.0,504,iOS,Free,0
MEM000404,15,3,894,7,30.23246856877484,4.0,1052,Android,Free,1
MEM000405,18,7,32,8,9.56152112699343,6.0,795,iOS,Free,1
MEM000406,14,6,610,6,24.84006280218559,3.0,631,iOS,Free,0
MEM000407,12,7,917,3,20.663302335044484,3.0,341,iOS,Premium,0
MEM000408,13,5,542,6,4.218932347110611,1.0,618,Android,Free,0
MEM000409,12,10,148,3,14.434361347392077,1.0,372,Android,Basic,0
MEM000410,6,8,656,7,31.075550698367806,2.0,935,iOS,Free,1
MEM000411,14,6,67,6,34.97088002044704,2.0,201,Android,Basic,0
MEM000412,19,7,570,2,72.0229030301884,2.0,655,iOS,Basic,0
MEM000413,14,6,748,1,111.95438430958569,2.0,1062,iOS,Free,1
MEM000414,23,14,443,2,34.33918443772936,2.0,711,Android,Basic,1
MEM000415,16,9,897,5,79.17410338260088,4.0,340,Android,Basic,0
MEM000416,23,7,399,4,30.271348054710646,2.0,943,iOS,Basic,0
MEM000417,16,8,482,5,19.05784912835836,0.0,459,iOS,Basic,0
MEM000418,12,8,948,8,69.49288156845273,2.0,887,Web,Basic,0
MEM000419,11,12,186,4,29.845780838219405,2.0,314,iOS,Free,0
MEM000420,18,10,169,6,21.44613498314268,3.0,524,iOS,Basic,1
MEM000421,14,11,507,3,18.207101194352376,2.0,384,Android,Free,0
MEM000422,17,9,521,4,8.278618948223347,3.0,243,Android,Free,0
MEM000423,19,5,161,8,43.949530508831714,2.0,846,Android,Premium,0
MEM000424,11,6,340,5,25.875065874144966,4.0,229,Web,Free,1
MEM000425,16,8,704,7,81.28104895844271,1.0,882,iOS,Free,0
MEM000426,9,6,823,2,131.84005033008324,1.0,165,Android,Free,1
MEM000427,12,10,785,5,18.103148280182637,1.0,977,iOS,Free,1
MEM000428,17,10,131,10,11.540026599737429,1.0,657,Android,Free,1
MEM000429,9,7,516,4,114.21429925867703,2.0,946,Web,Premium,0
MEM000430,13,8,536,5,47.4343188537495,3.0,371,Android,Free,1
MEM000431,18,12,741,3,46.13176287564313,7.0,417,Android,Basic,1
MEM000432,8,8,781,3,54.35056954242652,3.0,33,Web,Free,1
MEM000433,17,8,588,8,91.29790258443052,2.0,706,iOS,Basic,0
MEM000434,20,12,726,3,90.86600516499931,2.0,428,Android,Premium,0
MEM000435,15,5,943,7,67.17338019757808,2.0,440,Web,Free,0
MEM000436,19,6,997,8,14.810363015944791,1.0,242,Android,Premium,0
MEM000437,17,9,376,4,6.440608187546097,1.0,589,iOS,Premium,0
MEM000438,12,8,204,5,14.943657286129444,3.0,587,iOS,Basic,1
MEM000439,19,13,989,6,9.007092964218122,3.0,587,iOS,Free,0
MEM000440,17,5,661,1,72.95343629117534,3.0,531,iOS,Basic,0
MEM000441,17,8,75,2,24.35949581337612,2.0,673,Android,Premium,0
MEM000442,16,4,741,3,66.15134245043922,4.0,560,iOS,Free,0
MEM000443,20,3,304,4,42.2422579174864,2.0,982,iOS,Free,0
MEM000444,19,13,1086,4,24.044931533234816,2.0,816,Android,Free,1
MEM000445,13,6,570,4,18.43068198685667,2.0,504,Android,Free,0
MEM000446,19,7,786,3,22.570469105454315,1.0,71,Android,Premium,0
MEM000447,16,10,987,5,11.713687683182066,2.0,633,Android,Free,0
MEM000448,17,7,229,5,134.27231845743745,0.0,77,iOS,Free,0
MEM000449,18,8,1072,2,38.607944258441265,3.0,757,iOS,Basic,0
MEM000450,18,8,268,6,42.2913431869751,3.0,250,iOS,Free,0
MEM000451,25,7,727,3,41.41129610363984,3.0,969,Android,Free,1
MEM000452,17,8,802,4,71.64984184407965,3.0,372,iOS,Basic,0
MEM000453,13,8,254,3,20.73334054202414,1.0,184,Android,Free,0
MEM000454,8,9,957,6,94.55406183087062,1.0,967,iOS,Free,1
MEM000455,13,6,870,4,32.305621382925494,2.0,870,Web,Free,1
MEM000456,18,8,87,1,31.255143886426,2.0,416,Android,Basic,0
MEM000457,18,11,1049,9,104.78980599093148,0.0,923,Android,Premium,0
MEM000458,15,12,222,7,20.439759497303726,0.0,67,Android,Premium,0
MEM000459,17,7,990,5,56.783829572450195,0.0,880,Android,Free,0
MEM000460,14,9,397,4,41.154008480150495,2.0,758,Android,Basic,0
MEM000461,17,6,938,2,23.91496113960356,1.0,260,Web,Premium,0
MEM000462,17,9,511,4,63.607735915754525,3.0,481,Android,Free,0
MEM000463,24,5,561,5,13.765612770224692,1.0,286,Web,Premium,0
MEM000464,14,13,846,4,23.733193256348674,2.0,463,iOS,Premium,0
MEM000465,14,12,440,6,45.00551075362108,3.0,238,Web,Free,1
MEM000466,14,8,311,3,121.13617915310402,1.0,166,iOS,Free,0
MEM000467,21,8,35,7,113.71219709153553,4.0,594,iOS,Free,1
MEM000468,11,5,217,5,57.422748107274124,1.0,885,Android,Free,0
MEM000469,17,9,721,6,32.9186764482147,2.0,750,iOS,Premium,0
MEM000470,20,3,1016,7,4.795781623453724,1.0,874,iOS,Premium,0
MEM000471,26,8,519,2,79.76353941948312,4.0,65,iOS,Free,0
MEM000472,18,10,269,6,87.93767301499075,4.0,56,Android,Basic,0
MEM000473,10,8,638,4,56.83029502187576,0.0,47,Web,Basic,0
MEM000474,22,13,475,6,34.14364476800866,3.0,659,Android,Free,1
MEM000475,19,3,90,3,74.84343259189595,1.0,608,Web,Basic,0
MEM000476,9,9,1066,6,40.242849451031205,2.0,932,Android,Premium,0
MEM000477,17,4,982,8,,0.0,1004,iOS,Free,1
MEM000478,11,12,288,3,9.010829370739296,2.0,1083,iOS,Free,0
MEM000479,12,8,481,7,72.0693038679317,3.0,152,Android,Free,0
MEM000480,13,6,637,15,46.288979606294546,0.0,986,iOS,Free,0
MEM000481,14,8,501,7,113.31065175473663,4.0,1030,iOS,Free,0
MEM000482,16,8,52,6,25.397073157180905,0.0,1016,Android,Free,0
MEM000483,18,7,103,3,19.235645115620176,6.0,367,Android,Basic,0
MEM000484,15,9,699,2,,4.0,1020,iOS,Basic,0
MEM000485,10,9,1038,5,100.61168631399026,7.0,302,Web,Free,1
MEM000486,16,6,470,6,42.205411968525944,0.0,931,Android,Free,1
MEM000487,16,5,427,6,77.20441748541245,2.0,68,Android,Premium,0
MEM000488,13,7,110,4,32.217982971877,0.0,711,Web,Premium,0
MEM000489,9,8,515,1,33.65722069613168,1.0,455,iOS,Free,1
MEM000490,4,8,68,6,57.053876493353286,2.0,344,Android,Free,1
MEM000491,14,7,389,8,33.304003921879676,2.0,643,Web,Premium,0
MEM000492,16,8,308,2,50.86146840528315,2.0,784,Android,Free,0
MEM000493,19,5,1090,2,45.376541778831395,1.0,186,Android,Free,0
MEM000494,11,12,460,2,15.32736804127508,4.0,901,Android,Free,0
MEM000495,17,7,347,5,50.66002822264558,2.0,806,Android,Free,0
MEM000496,7,10,325,7,15.790456401784677,3.0,286,iOS,Free,0
MEM000497,17,5,667,7,72.9489615849995,2.0,884,Web,Free,0
MEM000498,13,8,1057,9,88.37113423598046,3.0,664,Web,Basic,0
MEM000499,15,6,68,4,36.839139929794065,1.0,485,Web,Premium,0
MEM000500,14,6,187,7,121.67007590272634,2.0,76,Android,Premium,0
MEM000501,15,11,192,5,99.34620864723686,5.0,39,iOS,Free,1
MEM000502,8,10,428,7,51.28090077782178,3.0,173,iOS,Free,1
MEM000503,12,9,216,7,,2.0,516,Web,Basic,0
MEM000504,20,9,177,3,83.13572232570102,0.0,1079,iOS,Basic,0
MEM000505,11,9,561,5,123.1991056850338,1.0,1060,iOS,Free,0
MEM000506,17,5,881,5,54.331044702733855,2.0,620,Android,Free,1
MEM000507,16,11,626,5,28.09039114200566,4.0,1068,Android,Free,0
MEM000508,11,7,607,5,67.99827832162649,1.0,928,Android,Free,0
MEM000509,8,6,179,8,41.890560913495904,5.0,236,Android,Free,0
MEM000510,12,5,395,2,18.404371304815133,3.0,939,Android,Premium,0
MEM000511,20,10,876,6,30.296487823537365,2.0,288,Web,Free,0
MEM000512,18,8,962,6,88.06989389337173,5.0,483,iOS,Premium,0
MEM000513,13,10,198,6,38.42606442529952,3.0,828,iOS,Premium,0
MEM000514,20,9,969,1,27.059800128679218,1.0,404,Android,Free,1
MEM000515,14,10,669,10,102.68117704658428,2.0,493,Web,Basic,1
MEM000516,15,9,457,5,86.27558908879264,3.0,104,iOS,Basic,0
MEM000517,21,9,72,3,31.315858215295282,0.0,271,iOS,Free,0
MEM000518,12,11,223,0,141.41165320784563,2.0,1070,Android,Free,0
MEM000519,21,10,276,7,39.89811958527319,3.0,152,Android,Basic,1
MEM000520,16,7,573,4,54.51862283437649,2.0,140,Web,Basic,0
MEM000521,18,9,924,6,44.93827614988639,0.0,263,Web,Basic,0
MEM000522,11,9,471,4,21.062621946961706,1.0,997,Android,Free,1
MEM000523,27,2,454,2,37.499492277924226,1.0,526,Android,Free,0
MEM000524,20,11,969,4,41.37420768657572,2.0,1093,iOS,Free,0
MEM000525,12,9,7,9,6.790908764438313,2.0,756,Android,Free,0
MEM000526,14,5,188,4,52.533202418083235,3.0,121,Android,Basic,0
MEM000527,13,2,4,5,78.93114118673151,4.0,366,iOS,Premium,1
MEM000528,10,6,907,8,15.975655595136008,2.0,542,iOS,Basic,0
MEM000529,26,6,1039,2,69.33035920057752,0.0,632,Web,Basic,0
MEM000530,17,6,960,2,91.20595866494595,0.0,457,Android,Basic,0
MEM000531,18,8,525,5,37.96676445939598,3.0,36,Android,Basic,0
MEM000532,26,7,630,4,139.78045111964624,2.0,149,iOS,Basic,0
MEM000533,12,7,775,8,51.59627700952703,1.0,416,Android,Free,0
MEM000534,11,6,360,6,6.429741530775678,5.0,670,Web,Premium,0
MEM000535,13,8,518,9,13.253901302512691,1.0,212,iOS,Free,0
MEM000536,14,9,1054,7,53.339879018039795,3.0,726,Android,Free,1
MEM000537,16,8,921,2,66.77782805341171,4.0,594,iOS,Free,0
MEM000538,11,7,852,8,44.23775650142124,4.0,475,Android,Free,1
MEM000539,17,12,935,3,51.036530555749756,6.0,229,Web,Basic,0
MEM000540,16,8,901,5,45.23693370663041,1.0,977,Android,Free,0
MEM000541,11,6,399,4,24.949313545524603,4.0,542,Web,Premium,1
MEM000542,12,9,168,5,,4.0,1019,Web,Free,0
MEM000543,5,7,377,4,9.855605969199589,1.0,242,Web,Free,0
MEM000544,14,8,607,8,32.52310318045389,1.0,575,Web,Free,0
MEM000545,13,9,1011,0,63.53118014625711,3.0,515,iOS,Basic,0
MEM000546,5,7,589,7,19.939580968787087,7.0,197,Web,Premium,0
MEM000547,14,7,48,4,34.888296115122245,7.0,919,iOS,Free,1
MEM000548,15,6,1025,5,47.73347778507999,1.0,960,iOS,Free,0
MEM000549,10,7,173,2,134.3623718213587,2.0,857,iOS,Premium,0
MEM000550,13,10,506,3,85.88848058435478,3.0,166,iOS,Free,1
MEM000551,11,10,398,3,9.46849712563565,2.0,144,Android,Free,0
MEM000552,26,7,294,1,156.13819801498644,4.0,545,Android,Free,0
MEM000553,17,10,552,3,107.53965304437494,3.0,717,iOS,Free,0
MEM000554,20,6,850,4,50.070099571657636,0.0,1049,Android,Free,0
MEM000555,17,8,1040,4,76.20724766159609,1.0,1079,Android,Free,0
MEM000556,23,7,885,7,22.533327818210942,1.0,322,Android,Premium,0
MEM000557,15,7,1004,9,41.522184633519664,4.0,260,iOS,Basic,0
MEM000558,20,8,134,1,21.357752615350876,5.0,967,iOS,Premium,0
MEM000559,17,9,771,3,66.29152598076587,2.0,547,iOS,Basic,0
MEM000560,11,9,508,5,188.01414421810162,2.0,1077,iOS,Basic,0
MEM000561,14,10,1090,1,31.125428677212525,6.0,735,Android,Basic,0
MEM000562,9,7,480,3,38.147380662038316,2.0,406,Android,Premium,0
MEM000563,16,4,863,5,42.62808664240072,3.0,466,iOS,Free,0
MEM000564,20,6,459,7,32.534075418322864,2.0,882,iOS,Free,1
MEM000565,13,7,626,4,63.622130847196445,5.0,999,iOS,Basic,1
MEM000566,19,6,159,6,90.4637398870813,0.0,528,Web,Premium,0
MEM000567,19,10,161,4,26.85286178222498,0.0,629,iOS,Premium,0
MEM000568,15,7,940,3,42.22373739826981,0.0,807,Web,Basic,1
MEM000569,13,15,155,5,69.6773992069729,,99,Android,Free,0
MEM000570,14,5,486,4,19.690020860380393,3.0,234,iOS,Free,0
MEM000571,14,5,432,4,14.212379796658464,1.0,370,Web,Premium,0
MEM000572,12,6,1051,4,26.420357807090905,3.0,1085,Android,Free,0
MEM000573,12,8,1004,5,72.1900706832405,1.0,147,Android,Free,0
MEM000574,16,13,1036,4,18.800553663778466,3.0,918,Android,Premium,0
MEM000575,16,8,67,8,27.96925973363517,1.0,44,Android,Free,1
MEM000576,14,6,542,3,42.52262340987745,4.0,940,iOS,Basic,0
MEM000577,15,13,96,5,48.050638235893295,1.0,656,iOS,Basic,0
MEM000578,14,5,215,4,38.20463725562314,6.0,719,Web,Free,1
MEM000579,16,7,194,3,,6.0,803,Web,Free,1
MEM000580,16,6,885,5,10.790445297356495,3.0,942,iOS,Free,0
MEM000581,19,6,39,5,25.523930329885268,1.0,149,Android,Basic,1
MEM000582,24,7,939,5,76.04984071031637,1.0,55,Android,Free,0
MEM000583,11,8,939,2,23.819457953418958,2.0,93,iOS,Free,0
MEM000584,13,6,206,4,49.04505267264082,2.0,489,Android,Premium,0
MEM000585,15,9,942,4,45.54317262788777,0.0,343,Android,Free,1
MEM000586,12,7,555,7,70.69185171205638,2.0,834,Android,Free,0
MEM000587,19,6,484,2,78.02568247789118,1.0,1015,Web,Free,0
MEM000588,13,6,771,3,93.31219239125463,5.0,765,iOS,Free,1
MEM000589,18,6,249,4,112.95448916963355,1.0,918,Android,Premium,0
MEM000590,14,5,373,5,19.021337468321764,1.0,1011,Android,Free,0
MEM000591,11,7,879,7,5.1130093890151125,2.0,608,Android,Free,0
MEM000592,11,4,835,5,31.23118678690597,0.0,1001,iOS,Premium,0
MEM000593,17,12,871,3,17.748084056053187,1.0,890,Android,Basic,1
MEM000594,16,6,702,2,21.42372053616657,3.0,736,Web,Free,0
MEM000595,25,10,138,5,61.78582347509894,0.0,424,iOS,Premium,0
MEM000596,19,4,948,7,89.58050731751696,4.0,513,Android,Basic,0
MEM000597,24,8,457,5,50.01558102088104,1.0,695,Web,Free,1
MEM000598,12,2,814,5,24.68263545902279,0.0,485,iOS,Basic,0
MEM000599,16,6,823,7,51.884563387717805,4.0,239,Web,Premium,0
MEM000600,13,9,942,7,72.42537874943922,3.0,554,iOS,Free,1
MEM000601,18,6,444,10,10.87219203256906,1.0,705,iOS,Basic,0
MEM000602,19,10,353,4,33.057074833955255,3.0,1031,iOS,Premium,0
MEM000603,17,6,996,4,35.34358625100024,2.0,925,iOS,Basic,0
MEM000604,16,8,794,0,37.37597883914275,3.0,1033,iOS,Free,0
MEM000605,16,3,411,3,20.09787587717445,1.0,336,Android,Free,0
MEM000606,11,5,678,3,52.801858061139775,1.0,1075,iOS,Basic,0
MEM000607,16,11,453,2,56.49372936413837,2.0,89,Web,Free,0
MEM000608,12,9,419,9,18.663849860927936,1.0,415,Android,Premium,0
MEM000609,16,7,450,8,104.61787695082467,6.0,85,Android,Free,0
MEM000610,17,8,995,8,14.660301487223142,3.0,197,Android,Free,0
MEM000611,14,4,51,4,23.924876773701932,5.0,746,Android,Basic,1
MEM000612,10,12,210,10,13.328426461168524,1.0,894,Android,Basic,0
MEM000613,18,11,888,3,11.413353671821003,1.0,511,iOS,Free,1
MEM000614,12,6,998,2,46.360616671554936,3.0,369,Web,Free,0
MEM000615,11,9,993,2,23.865174573426486,0.0,825,Android,Basic,0
MEM000616,11,14,850,2,78.36060336021269,1.0,921,iOS,Premium,0
MEM000617,8,8,627,6,20.324598292735548,0.0,805,Android,Basic,0
MEM000618,8,8,679,2,24.134839386027615,2.0,630,Android,Free,0
MEM000619,12,6,777,9,71.24443908195684,2.0,466,iOS,Free,0
MEM000620,20,8,663,8,16.14088018542308,2.0,181,Web,Premium,1
MEM000621,15,6,268,4,28.84771904161164,1.0,963,Android,Premium,0
MEM000622,13,11,116,4,103.42523793612341,1.0,569,Android,Free,1
MEM000623,16,5,754,3,2.2830852560932837,1.0,254,Android,Basic,0
MEM000624,15,12,1064,9,10.896840711566155,1.0,592,Web,Free,1
MEM000625,11,9,182,10,115.85461482504746,1.0,587,iOS,Basic,0
MEM000626,11,11,903,5,57.26416601178161,0.0,647,Android,Premium,0
MEM000627,9,6,946,5,52.61608263420886,2.0,53,iOS,Free,0
MEM000628,18,9,258,9,10.91889273840852,3.0,397,Android,Basic,0
MEM000629,17,9,509,2,45.00114938369827,2.0,1028,iOS,Free,0
MEM000630,22,9,92,5,18.990101328379122,6.0,364,iOS,Free,1
MEM000631,14,9,149,5,79.83487197263392,2.0,32,Web,Basic,1
MEM000632,15,7,117,8,82.46181037198946,7.0,1037,Android,Free,1
MEM000633,15,5,458,6,26.09841061273521,0.0,292,iOS,Basic,0
MEM000634,9,2,565,6,60.45380555083454,2.0,150,Android,Free,0
MEM000635,10,9,814,7,54.608765850785424,2.0,50,Android,Basic,1
MEM000636,18,6,45,5,37.86739383434657,4.0,934,iOS,Free,0
MEM000637,12,7,774,5,19.617379469760667,2.0,169,iOS,Basic,0
MEM000638,9,4,234,7,28.980557952448915,1.0,235,Web,Basic,0
MEM000639,16,9,197,4,77.6612469246615,,72,Android,Premium,1
MEM000640,14,8,25,4,104.48423842233497,6.0,879,iOS,Premium,0
MEM000641,16,10,395,6,31.21265644972467,3.0,1058,Web,Free,0
MEM000642,22,9,714,6,111.84364117378196,0.0,236,Android,Free,0
MEM000643,14,9,1060,4,57.30728834955742,2.0,664,iOS,Basic,1
MEM000644,19,2,223,3,38.882502442820346,5.0,374,iOS,Basic,1
MEM000645,8,6,864,3,35.43027203363588,1.0,401,iOS,Free,0
MEM000646,11,7,530,10,20.735715172455922,2.0,576,Web,Free,0
MEM000647,22,7,257,6,63.585342595603876,0.0,1013,iOS,Basic,1
MEM000648,16,9,654,6,124.96526167471609,3.0,364,iOS,Premium,0
MEM000649,11,6,591,4,37.65388764930837,1.0,40,Web,Premium,0
MEM000650,14,6,444,1,17.455404267586893,2.0,104,iOS,Free,0
MEM000651,13,10,418,5,71.22009279703515,2.0,976,Android,Free,0
MEM000652,25,10,574,7,29.933259246048728,3.0,942,iOS,Free,0
MEM000653,13,12,129,4,20.47465272038136,3.0,739,Android,Free,0
MEM000654,14,8,1011,3,10.371964930578379,1.0,882,iOS,Basic,1
MEM000655,17,5,341,5,62.102634877663874,1.0,805,iOS,Basic,0
MEM000656,16,8,810,7,93.2270327860163,1.0,915,Android,Free,1
MEM000657,10,8,992,9,13.753823252689019,0.0,765,Android,Free,0
MEM000658,18,8,100,2,32.608835439544485,5.0,663,Android,Free,0
MEM000659,10,14,39,6,35.029263756394776,2.0,1081,Android,Premium,0
MEM000660,13,2,263,2,21.788429851469036,2.0,425,Android,Free,0
MEM000661,17,7,150,3,109.77250814022285,2.0,712,Android,Free,0
MEM000662,19,7,690,5,9.87464828193723,2.0,450,Android,Basic,0
MEM000663,13,5,813,3,57.737372500930405,1.0,393,Android,Basic,0
MEM000664,15,7,219,4,66.01691799197904,1.0,122,Android,Premium,0
MEM000665,14,8,906,5,21.64352542995784,1.0,295,Android,Free,0
MEM000666,13,8,244,4,17.170748176195914,0.0,235,iOS,Basic,0
MEM000667,19,12,886,5,24.993542904770568,4.0,66,iOS,Free,0
MEM000668,18,4,587,2,6.415541176335182,3.0,1064,iOS,Premium,0
MEM000669,14,6,518,4,26.794787416594072,2.0,773,Web,Basic,0
MEM000670,18,8,1045,5,29.97265182956035,5.0,48,Android,Premium,0
MEM000671,15,9,190,6,142.41991283732995,4.0,403,Android,Free,1
MEM000672,25,6,915,10,7.7722396537979455,3.0,123,iOS,Basic,0
MEM000673,9,11,615,5,37.394622419191464,3.0,61,iOS,Free,0
MEM000674,14,6,856,6,72.59078343812,2.0,169,Web,Free,1
MEM000675,9,9,466,7,127.49646927706613,1.0,1002,Web,Free,0
MEM000676,10,12,99,4,8.889276450930666,4.0,1074,iOS,Basic,0
MEM000677,18,7,830,7,139.78783957352113,3.0,762,Android,Free,0
MEM000678,13,14,997,6,,2.0,783,Android,Premium,0
MEM000679,14,6,56,2,32.70610526015213,5.0,87,iOS,Basic,1
MEM000680,19,9,1046,3,14.031657715873083,3.0,169,Android,Free,0
MEM000681,17,8,580,4,43.99592858268479,1.0,1076,Android,Basic,0
MEM000682,12,10,185,4,140.2018118017981,1.0,930,Android,Free,0
MEM000683,14,9,522,5,43.33698277965073,3.0,407,iOS,Free,0
MEM000684,17,5,264,7,19.7501959915813,0.0,951,iOS,Basic,0
MEM000685,8,7,1062,3,23.602236325397442,4.0,402,iOS,Premium,0
MEM000686,10,10,1003,3,24.616312005958783,1.0,807,iOS,Free,0
MEM000687,15,6,123,6,115.62808170467814,1.0,196,Android,Premium,0
MEM000688,5,7,301,3,133.25067969193591,2.0,552,iOS,Basic,0
MEM000689,18,8,833,9,9.839355453147455,3.0,613,Android,Free,0
MEM000690,8,6,1091,7,15.130816276380616,2.0,530,iOS,Basic,0
MEM000691,24,5,645,5,16.940737254410138,2.0,925,Android,Basic,1
MEM000692,13,7,874,6,25.91978000616551,2.0,1028,Android,Free,0
MEM000693,13,4,394,6,150.7422399776009,1.0,589,Android,Premium,0
MEM000694,17,12,661,3,138.32750422023153,1.0,1041,iOS,Basic,0
MEM000695,11,12,69,8,41.45846735600424,3.0,262,iOS,Free,0
MEM000696,17,9,762,10,28.747313440109917,0.0,589,iOS,Premium,0
MEM000697,12,7,320,6,4.643307267418031,2.0,950,iOS,Free,0
MEM000698,12,5,177,7,48.69329458117462,3.0,890,iOS,Premium,1
MEM000699,16,5,584,2,44.61335415346316,4.0,901,iOS,Free,0
MEM000700,11,7,582,5,13.505875934915338,5.0,110,Android,Basic,0
MEM000701,16,6,111,8,56.40333161708829,0.0,643,Web,Free,0
MEM000702,17,7,999,6,80.8349772260621,2.0,732,iOS,Basic,1
MEM000703,19,9,758,2,13.325788409666222,2.0,570,Web,Free,1
MEM000704,16,8,283,3,27.17509610318909,1.0,794,iOS,Free,0
MEM000705,19,6,194,10,77.97853710547813,0.0,767,Android,Free,1
MEM000706,10,9,967,3,22.47275990004517,1.0,635,Android,Premium,0
MEM000707,22,8,1071,4,26.188898932024884,3.0,651,Web,Free,0
MEM000708,13,5,978,9,27.708295563057717,1.0,1051,iOS,Basic,0
MEM000709,14,9,342,2,58.34808106899387,2.0,225,iOS,Premium,0
MEM000710,23,6,522,5,88.85029300420737,0.0,1024,iOS,Premium,0
MEM000711,10,8,801,1,122.23647878364297,2.0,975,Android,Free,1
MEM000712,12,6,903,5,84.3891505942347,4.0,73,Web,Premium,1
MEM000713,22,7,131,9,41.12675549209843,1.0,422,Android,Free,0
MEM000714,18,8,814,2,66.01633701972014,,184,Android,Basic,0
MEM000715,19,5,61,5,12.39761889862442,2.0,1007,Android,Basic,0
MEM000716,18,8,164,6,163.88604117791394,1.0,88,Web,Free,1
MEM000717,11,5,272,7,20.55824097244775,4.0,139,Android,Free,0
MEM000718,6,9,133,3,62.471918514760574,1.0,508,iOS,Free,0
MEM000719,10,11,998,7,46.44134018507387,1.0,647,Web,Free,1
MEM000720,19,8,38,7,11.107242248952382,1.0,813,iOS,Premium,1
MEM000721,15,6,617,6,20.66537074623889,3.0,1085,iOS,Free,0
MEM000722,18,11,474,4,92.95045264807132,3.0,630,iOS,Premium,0
MEM000723,16,7,59,10,37.02003286235614,3.0,969,Android,Free,0
MEM000724,12,10,589,6,17.58882764822877,4.0,1021,Android,Premium,0
MEM000725,17,8,499,8,32.62535639657914,2.0,560,iOS,Basic,0
MEM000726,10,9,567,3,17.581684288033365,3.0,1056,Android,Premium,0
MEM000727,9,7,567,6,25.94920659591406,0.0,407,Android,Free,0
MEM000728,19,7,904,9,8.53200121286263,2.0,601,Web,Basic,0
MEM000729,16,12,383,3,41.10862660785257,1.0,616,Android,Free,0
MEM000730,16,3,85,7,46.09742978407302,1.0,386,Android,Free,0
MEM000731,13,6,627,4,26.306264380365935,0.0,714,Android,Basic,0
MEM000732,16,9,826,3,92.63322847001714,1.0,887,iOS,Basic,0
MEM000733,18,8,293,9,27.647700682313726,2.0,688,iOS,Free,1
MEM000734,18,8,1073,4,37.00012841840571,4.0,64,Android,Basic,0
MEM000735,24,7,1091,4,24.9440092318056,5.0,1036,iOS,Basic,1
MEM000736,13,9,787,3,29.9386649462298,1.0,490,iOS,Free,0
MEM000737,13,11,129,2,68.06540914522591,2.0,747,Android,Basic,0
MEM000738,14,8,29,3,12.805985300349775,2.0,541,iOS,Basic,0
MEM000739,20,7,692,6,55.99743326752542,2.0,520,iOS,Free,0
MEM000740,14,8,133,12,22.32175025824746,0.0,302,Android,Basic,0
MEM000741,17,15,646,7,13.386036524033637,3.0,1042,Android,Basic,0
MEM000742,16,14,689,4,30.768301625333404,2.0,556,Web,Premium,0
MEM000743,19,10,534,7,62.01080699461111,1.0,239,Android,Free,0
MEM000744,16,6,516,5,30.197781206014483,4.0,653,Android,Premium,0
MEM000745,17,13,960,8,18.23399063941345,0.0,202,iOS,Free,0
MEM000746,16,4,165,4,135.05845199405232,4.0,476,iOS,Free,0
MEM000747,16,4,927,7,50.61491702366234,4.0,40,iOS,Free,0
MEM000748,17,7,933,5,42.27626005749962,1.0,790,Android,Premium,0
MEM000749,12,10,557,2,60.69071138881598,1.0,352,Android,Basic,0
MEM000750,15,13,680,4,65.45343603020284,1.0,1006,Android,Free,0
MEM000751,7,6,993,6,27.338965257225873,4.0,474,Android,Free,0
MEM000752,19,10,1029,6,74.80104974143111,0.0,371,iOS,Free,0
MEM000753,14,5,757,4,10.625108001513853,2.0,250,Android,Free,0
MEM000754,13,11,855,3,63.38795768355715,2.0,139,Android,Basic,1
MEM000755,9,6,493,4,28.834630920047793,2.0,439,Android,Basic,0
MEM000756,16,8,649,5,94.67321559761146,4.0,534,Android,Premium,0
MEM000757,17,4,992,7,27.176541018782537,4.0,69,Web,Premium,0
MEM000758,17,8,628,10,82.99162077727398,4.0,292,Web,Basic,0
MEM000759,9,9,625,7,51.82064946834025,2.0,737,Web,Free,0
MEM000760,19,11,543,5,72.64805415960187,4.0,852,iOS,Free,1
MEM000761,16,8,7,3,43.00665922353076,3.0,490,iOS,Basic,1
MEM000762,11,8,954,4,7.285867375893814,2.0,246,iOS,Free,0
MEM000763,13,9,515,4,89.93621089942185,4.0,106,iOS,Basic,0
MEM000764,12,13,755,8,94.04764483204139,2.0,921,Android,Premium,0
MEM000765,12,10,73,8,31.18615581269787,2.0,419,Android,Premium,0
MEM000766,11,9,10,4,23.048412208804155,1.0,1079,Android,Free,0
MEM000767,14,8,562,4,76.97486824429699,2.0,403,Web,Free,0
MEM000768,10,7,122,8,51.169387232866946,0.0,683,Web,Premium,0
MEM000769,18,12,687,4,36.03729376236819,2.0,933,iOS,Premium,0
MEM000770,14,2,513,6,58.527720209870736,,1077,Web,Free,0
MEM000771,18,6,990,6,31.1007597250789,1.0,773,Android,Basic,0
MEM000772,16,6,441,1,93.10314872163596,3.0,452,Android,Basic,0
MEM000773,18,6,1062,5,33.18976809054383,3.0,882,Android,Free,0
MEM000774,24,13,702,3,76.97697658210598,2.0,860,iOS,Free,0
MEM000775,7,6,591,9,42.94828594127199,3.0,1002,Web,Premium,0
MEM000776,12,6,67,4,53.74069081936015,2.0,658,Android,Basic,0
MEM000777,21,9,17,8,132.22699354325493,2.0,599,Web,Free,0
MEM000778,12,8,368,8,27.915964003067312,1.0,151,Web,Basic,0
MEM000779,14,14,904,2,73.4122749574451,2.0,188,Android,Basic,0
MEM000780,8,6,721,6,112.2087021791593,0.0,336,iOS,Premium,0
MEM000781,4,4,958,9,71.5221702312546,1.0,780,iOS,Free,1
MEM000782,21,9,908,4,96.78364227933469,2.0,1091,iOS,Premium,0
MEM000783,15,7,989,4,46.415553945522895,1.0,620,iOS,Free,1
MEM000784,13,8,473,6,68.74572312494257,1.0,375,Web,Basic,0
MEM000785,25,8,115,13,82.70681129687387,3.0,178,iOS,Basic,0
MEM000786,22,10,100,6,42.245604891697674,3.0,1069,Web,Free,0
MEM000787,14,6,438,8,20.495398367057337,3.0,864,Android,Free,0
MEM000788,12,4,349,8,17.457881427669847,2.0,810,iOS,Premium,0
MEM000789,11,10,139,1,122.39460268301339,4.0,147,Android,Basic,0
MEM000790,16,10,828,8,109.17008688094667,2.0,733,Android,Free,0
MEM000791,9,5,324,4,23.51868437090493,2.0,346,Android,Free,0
MEM000792,11,7,846,4,96.75286138195138,1.0,317,Android,Free,0
MEM000793,20,8,294,2,58.93819004519256,1.0,937,iOS,Free,1
MEM000794,15,4,968,6,43.35824293253569,1.0,326,Android,Premium,0
MEM000795,8,7,74,6,22.85027992416792,1.0,472,Android,Basic,0
MEM000796,15,12,484,3,38.69837518782864,1.0,930,Android,Premium,0
MEM000797,14,8,16,5,19.119018606130215,3.0,330,Web,Free,0
MEM000798,11,6,793,8,33.74687530694792,2.0,927,iOS,Basic,0
MEM000799,14,5,516,9,18.685924421984694,0.0,455,iOS,Free,0
MEM000800,17,8,925,3,11.982438367364313,2.0,279,Android,Basic,0
MEM000801,7,9,824,2,98.42072332428448,1.0,715,Web,Free,0
MEM000802,19,4,518,7,36.834062414741844,2.0,781,Android,Free,0
MEM000803,11,9,129,6,55.13970230759114,2.0,1027,iOS,Basic,0
MEM000804,10,6,511,6,26.730148427281435,4.0,435,iOS,Free,0
MEM000805,18,11,423,6,35.475747744122785,5.0,830,iOS,Basic,1
MEM000806,12,9,385,4,18.150435006781215,1.0,273,iOS,Basic,0
MEM000807,15,8,232,6,123.14553692416781,0.0,396,Android,Basic,0
MEM000808,15,8,959,10,,1.0,149,Android,Premium,0
MEM000809,9,7,825,4,26.30540008988524,4.0,879,iOS,Free,0
MEM000810,19,7,65,3,18.07783722135679,2.0,462,iOS,Free,0
MEM000811,11,7,833,0,11.001932742622248,1.0,212,iOS,Premium,0
MEM000812,12,7,615,8,46.33147895530534,1.0,788,Web,Basic,0
MEM000813,16,12,801,3,72.36635407695148,4.0,60,Android,Free,1
MEM000814,19,11,278,4,67.20631280464325,2.0,1006,Web,Premium,0
MEM000815,21,7,366,5,29.50414404615278,1.0,557,Android,Free,0
MEM000816,10,4,516,3,35.240341770629996,2.0,893,iOS,Free,0
MEM000817,19,14,439,2,17.596124147390185,2.0,131,iOS,Free,0
MEM000818,10,10,428,8,,5.0,652,Android,Free,0
MEM000819,17,11,729,4,98.20849703159506,3.0,834,Android,Free,0
MEM000820,14,5,396,3,7.364835801441116,4.0,437,Android,Free,0
MEM000821,19,13,586,8,6.322180435291854,1.0,859,Android,Free,0
MEM000822,26,8,375,5,23.537171120595964,2.0,818,Android,Free,0
MEM000823,17,5,948,6,122.15314760800919,2.0,647,iOS,Free,1
MEM000824,20,7,93,7,42.67025450536539,0.0,578,Web,Basic,0
MEM000825,10,8,321,10,183.63484308741567,1.0,320,Android,Free,0
MEM000826,16,10,1034,7,32.09405299331782,0.0,451,iOS,Free,1
MEM000827,11,5,914,3,68.89918161018042,3.0,210,Android,Free,0
MEM000828,19,5,917,3,89.21715216157874,3.0,684,Android,Free,0
MEM000829,17,4,95,7,162.33013261443702,1.0,143,iOS,Free,0
MEM000830,15,5,959,3,25.36780981391818,0.0,289,Android,Free,0
MEM000831,14,12,71,3,42.291354324599595,1.0,273,iOS,Basic,0
MEM000832,15,2,664,3,36.220664686309284,2.0,452,iOS,Basic,0
MEM000833,13,7,969,8,73.04323323634225,1.0,364,iOS,Premium,0
MEM000834,9,9,587,2,113.35118952989667,0.0,1076,iOS,Basic,0
MEM000835,10,9,727,5,113.12645981026617,2.0,300,iOS,Free,0
MEM000836,14,7,368,4,24.875166971839167,5.0,483,iOS,Free,0
MEM000837,17,10,51,2,20.562335419730875,0.0,623,Web,Basic,0
MEM000838,13,8,988,3,67.55146972657464,2.0,1039,iOS,Free,1
MEM000839,17,10,260,2,15.607714481545573,3.0,885,Android,Free,0
MEM000840,17,10,158,6,74.29900949016027,2.0,161,iOS,Free,0
MEM000841,17,3,99,3,42.22490092179112,2.0,797,Android,Basic,0
MEM000842,11,4,241,6,101.23250742565713,2.0,530,iOS,Premium,0
MEM000843,12,7,202,5,90.43127372033129,2.0,164,iOS,Premium,0
MEM000844,12,7,634,4,46.47637221365258,3.0,796,iOS,Free,0
MEM000845,17,8,746,6,14.340778970649914,1.0,841,Web,Free,0
MEM000846,13,4,490,6,15.564878338026048,6.0,799,Android,Premium,1
MEM000847,19,9,579,6,43.92764694422224,2.0,123,iOS,Basic,0
MEM000848,17,13,527,7,59.67784987830639,4.0,194,iOS,Free,0
MEM000849,9,8,273,10,32.60330380449555,1.0,354,iOS,Basic,0
MEM000850,14,9,786,12,18.87516087219827,2.0,969,iOS,Basic,0
MEM000851,15,10,453,5,33.523873697430474,1.0,649,Android,Premium,0
MEM000852,29,5,347,7,101.7664782421893,,260,Android,Basic,0
MEM000853,14,6,816,10,33.531725081709,1.0,611,Android,Free,0
MEM000854,12,5,414,2,25.626854401098516,7.0,762,iOS,Basic,1
MEM000855,18,10,431,4,15.10972819833884,2.0,700,Android,Premium,0
MEM000856,19,7,379,6,39.99340044497979,0.0,432,iOS,Basic,0
MEM000857,20,9,998,4,91.07516537643156,1.0,1085,iOS,Basic,0
MEM000858,17,11,895,5,94.10398237708873,4.0,150,Android,Premium,0
MEM000859,9,7,428,3,21.345130422461338,3.0,756,iOS,Basic,0
MEM000860,13,8,192,3,46.76218374204616,0.0,414,Android,Free,0
MEM000861,12,9,41,3,23.21486158967982,1.0,505,Web,Basic,0
MEM000862,18,9,136,6,31.302354736801103,0.0,589,iOS,Basic,1
MEM000863,17,5,106,5,39.43184809221758,3.0,418,Web,Free,0
MEM000864,21,10,519,9,28.047822339829803,3.0,819,iOS,Free,1
MEM000865,8,8,814,1,123.39548531790281,2.0,782,iOS,Basic,1
MEM000866,19,11,126,5,25.48380909193574,0.0,733,Android,Free,0
MEM000867,20,8,400,6,23.779125019417528,2.0,82,Android,Basic,0
MEM000868,16,5,79,5,21.233112623113094,3.0,596,iOS,Free,0
MEM000869,17,9,389,8,10.110813339357517,1.0,850,Android,Premium,0
MEM000870,20,9,74,4,125.88643415589154,3.0,1074,Web,Free,1
MEM000871,15,9,1029,6,41.55454093418305,4.0,1072,iOS,Free,0
MEM000872,13,5,82,5,60.21870225145906,4.0,891,Web,Free,0
MEM000873,18,10,776,7,54.63639496014,3.0,351,Android,Basic,0
MEM000874,21,10,991,4,27.359128483763932,3.0,856,Web,Free,1
MEM000875,16,9,278,7,41.451488129088254,1.0,462,iOS,Free,1
MEM000876,16,8,840,4,70.20125075373616,2.0,87,Android,Basic,0
MEM000877,12,8,224,5,11.411659231912681,1.0,1047,iOS,Free,0
MEM000878,9,10,1092,5,30.836952956497026,2.0,780,Web,Basic,0
MEM000879,15,10,606,5,35.30113847205227,4.0,211,Android,Basic,0
MEM000880,24,3,19,6,26.642739502258717,0.0,636,iOS,Basic,0
MEM000881,18,14,640,5,26.221025091520033,2.0,990,iOS,Free,0
MEM000882,17,11,97,3,47.68813602154661,2.0,134,Web,Basic,0
MEM000883,12,8,1076,3,105.19936276864827,3.0,636,Android,Free,0
MEM000884,15,8,175,5,58.1835350725596,1.0,1019,iOS,Premium,0
MEM000885,10,8,348,4,20.741233078700763,1.0,513,Android,Premium,0
MEM000886,27,9,1,5,208.66423533176035,4.0,158,Web,Free,1
MEM000887,15,12,63,2,105.87818738711627,5.0,348,iOS,Free,0
MEM000888,16,13,226,8,28.287014963554828,2.0,736,iOS,Free,0
MEM000889,11,11,423,4,106.95968755372573,1.0,538,Web,Free,0
MEM000890,11,7,1043,1,48.49811521876394,2.0,49,iOS,Basic,0
MEM000891,9,7,31,3,14.75986421686796,3.0,781,iOS,Basic,0
MEM000892,19,5,845,6,97.89456751927663,2.0,264,iOS,Free,0
MEM000893,15,6,633,7,20.743696247857628,4.0,635,Web,Basic,0
MEM000894,22,3,24,5,60.126840901511414,3.0,583,iOS,Premium,0
MEM000895,9,9,837,3,46.56683920117716,3.0,482,Android,Basic,0
MEM000896,9,13,983,5,63.81225400849318,2.0,615,Web,Free,0
MEM000897,15,7,161,4,132.33647945811646,4.0,1013,iOS,Basic,0
MEM000898,15,7,114,4,40.98099499347615,4.0,452,Web,Basic,0
MEM000899,12,11,504,2,14.572459755462464,2.0,35,Android,Premium,0
MEM000900,14,6,955,3,23.37601600862793,,487,Android,Free,0
MEM000901,21,9,357,4,13.571919455617849,0.0,583,iOS,Free,0
MEM000902,16,13,169,6,9.707838883082845,1.0,551,Android,Basic,0
MEM000903,19,11,969,8,89.73467119186844,2.0,875,iOS,Basic,0
MEM000904,17,11,242,5,45.34875128530678,1.0,580,iOS,Basic,0
MEM000905,12,8,139,2,37.35251581257103,4.0,40,Web,Free,1
MEM000906,16,12,97,3,28.831655314295652,0.0,526,iOS,Basic,0
MEM000907,9,12,147,6,75.65834932487331,2.0,1069,Web,Free,1
MEM000908,14,15,1081,6,115.2700848629882,2.0,1086,iOS,Free,0
MEM000909,10,4,1066,9,20.20459417445555,4.0,774,iOS,Basic,0
MEM000910,18,6,866,5,58.437281644502235,1.0,518,Web,Free,1
MEM000911,8,5,543,3,85.41039560566634,4.0,765,iOS,Free,0
MEM000912,23,8,692,6,50.16836599759383,2.0,487,Web,Basic,0
MEM000913,17,10,1026,4,71.38982932593494,3.0,493,Android,Basic,1
MEM000914,16,7,904,5,14.393103255331333,2.0,72,iOS,Free,0
MEM000915,16,7,730,4,117.42772525754337,1.0,568,Android,Basic,0
MEM000916,18,3,331,7,75.91357602154652,1.0,597,iOS,Free,0
MEM000917,21,10,617,9,62.74143992082952,4.0,150,iOS,Free,1
MEM000918,15,9,404,6,81.31152155768204,2.0,654,Android,Free,1
MEM000919,12,8,508,5,32.806433566527716,1.0,345,iOS,Free,0
MEM000920,16,9,1039,2,17.058700284671826,3.0,1051,iOS,Premium,0
MEM000921,10,7,226,7,13.673888085698001,3.0,650,Web,Free,1
MEM000922,13,7,984,2,11.701292487725985,0.0,483,Web,Basic,0
MEM000923,17,10,865,5,57.838175825906134,5.0,716,Android,Premium,1
MEM000924,17,6,745,5,29.879479341625455,0.0,653,Android,Premium,0
MEM000925,13,6,493,4,112.53413321139753,5.0,641,Android,Free,1
MEM000926,14,8,319,2,97.09757566186983,1.0,988,Android,Premium,0
MEM000927,21,11,773,11,75.56179908495675,2.0,676,Android,Premium,0
MEM000928,13,8,452,5,64.26989277613558,4.0,792,Web,Free,0
MEM000929,13,11,944,8,23.29190243081301,1.0,269,iOS,Free,0
MEM000930,17,8,848,10,27.114493373180494,1.0,763,Android,Free,0
MEM000931,13,10,1017,10,23.196974753306492,2.0,406,Web,Basic,0
MEM000932,14,6,884,5,16.549714994577425,5.0,33,Android,Basic,0
MEM000933,21,8,419,2,38.25939343303613,3.0,823,Web,Free,1
MEM000934,10,7,865,7,84.62431109113832,,875,iOS,Basic,1
MEM000935,17,7,789,7,36.35735004643613,1.0,226,iOS,Free,1
MEM000936,13,3,495,10,22.176146181772445,1.0,418,Web,Premium,0
MEM000937,14,11,1063,3,36.38270621749334,6.0,290,iOS,Free,0
MEM000938,17,7,162,7,47.42256652936716,1.0,632,Android,Basic,0
MEM000939,13,6,121,6,27.852709143951355,1.0,123,iOS,Free,0
MEM000940,17,11,399,2,38.503632868231165,2.0,165,Android,Free,0
MEM000941,15,2,728,2,206.3366691166884,2.0,554,Android,Basic,0
MEM000942,14,7,561,3,,2.0,527,iOS,Free,1
MEM000943,10,9,604,4,4.734846021954443,1.0,141,Android,Basic,0
MEM000944,18,8,540,2,44.90442476404592,6.0,398,Android,Premium,0
MEM000945,13,12,356,9,55.93804569006515,2.0,965,iOS,Free,1
MEM000946,16,6,660,7,37.01616214293389,1.0,797,Android,Premium,0
MEM000947,25,13,432,8,17.918805961757922,1.0,615,Android,Free,1
MEM000948,14,11,1089,3,111.18821790949826,4.0,702,iOS,Free,1
MEM000949,15,12,563,7,42.90399034082142,2.0,540,Android,Free,0
MEM000950,16,4,817,3,46.49100176190092,1.0,742,iOS,Premium,0
MEM000951,14,14,711,10,,0.0,849,iOS,Free,0
MEM000952,12,4,12,4,35.8161833190664,1.0,406,Android,Premium,0
MEM000953,7,12,239,7,33.243155365093244,1.0,574,Android,Premium,0
MEM000954,16,5,453,2,111.18488939890597,2.0,102,Web,Free,0
MEM000955,16,6,383,2,8.10194670171936,4.0,1003,iOS,Basic,1
MEM000956,14,12,782,5,53.78455258497188,1.0,533,iOS,Basic,1
MEM000957,15,9,48,10,50.335829815665534,3.0,834,iOS,Free,1
MEM000958,16,10,317,6,29.613034090443602,2.0,739,Android,Free,0
MEM000959,16,9,209,4,37.064544425171455,2.0,354,Android,Free,0
MEM000960,14,8,577,1,104.67447480102369,4.0,417,Android,Basic,1
MEM000961,15,11,315,8,20.684518250474067,1.0,857,iOS,Basic,0
MEM000962,21,7,754,5,71.26630753211417,1.0,269,Web,Free,1
MEM000963,15,10,1060,3,41.89796368593318,2.0,1005,Android,Free,1
MEM000964,10,7,915,4,65.99517383768185,2.0,60,Web,Premium,0
MEM000965,10,16,755,3,56.62955328436924,3.0,508,iOS,Free,1
MEM000966,23,7,554,3,4.391470166432764,1.0,1067,Android,Basic,0
MEM000967,15,12,403,4,20.246346797141392,3.0,746,Android,Free,0
MEM000968,16,5,39,4,23.09487874675195,1.0,97,Android,Premium,0
MEM000969,12,7,581,5,17.756576309929827,1.0,1035,iOS,Premium,0
MEM000970,18,11,180,3,25.726117780662033,3.0,567,Web,Free,1
MEM000971,15,8,12,6,46.40978808750892,2.0,320,iOS,Free,1
MEM000972,16,11,943,4,79.70108715148395,5.0,1004,iOS,Free,0
MEM000973,19,6,548,6,12.917984068575352,0.0,53,Android,Free,0
MEM000974,11,9,63,6,42.36787994761218,6.0,444,Android,Free,0
MEM000975,20,7,844,5,51.71877680532502,1.0,880,Android,Basic,0
MEM000976,14,5,1009,7,90.45163670729583,2.0,991,iOS,Free,1
MEM000977,17,8,34,5,119.82195679614765,4.0,710,Android,Free,1
MEM000978,17,4,752,6,35.63193581620962,3.0,1089,Android,Basic,0
MEM000979,12,4,49,4,18.12963048565605,3.0,130,iOS,Basic,0
MEM000980,19,4,658,8,54.28975972712868,1.0,575,Web,Free,0
MEM000981,17,12,701,11,18.923622630577697,2.0,68,Web,Basic,0
MEM000982,12,6,1081,6,51.040702490165934,4.0,240,Android,Basic,0
MEM000983,18,9,109,3,22.13917440425472,0.0,771,iOS,Basic,0
MEM000984,18,8,985,4,60.71071912213043,2.0,621,Web,Free,1
MEM000985,17,4,24,8,23.50175138742908,2.0,779,iOS,Free,0
MEM000986,20,10,221,6,112.43518156567237,1.0,201,iOS,Premium,0
MEM000987,9,13,315,5,42.02815299290341,1.0,867,iOS,Premium,0
MEM000988,8,7,294,6,9.0647889363632,4.0,471,iOS,Basic,0
MEM000989,14,6,1034,4,81.33904377883722,3.0,563,Web,Free,0
MEM000990,13,11,1020,5,36.06595083247188,4.0,394,Android,Basic,0
MEM000991,15,6,1018,14,64.05985281262814,2.0,396,Web,Premium,0
MEM000992,8,8,638,4,82.40722176374648,3.0,325,iOS,Free,0
MEM000993,6,6,267,6,43.7606171973019,2.0,635,Android,Free,0
MEM000994,14,13,88,2,12.099763209445562,3.0,785,Web,Basic,0
MEM000995,12,7,455,5,46.89513417737064,3.0,552,Web,Premium,1
MEM000996,14,5,757,5,102.41846518360695,0.0,294,Android,Free,1
MEM000997,13,8,431,4,38.67052607490572,1.0,1091,iOS,Basic,0
MEM000998,11,5,911,3,56.71915204895059,3.0,411,Android,Basic,1
MEM000999,13,12,242,6,20.842972846669007,2.0,460,iOS,Basic,0
MEM001000,10,11,702,5,10.112081076299404,1.0,418,Android,Basic,0
MEM000844,12,7,634,4,46.47637221365258,3.0,796,iOS,Free,0
MEM000450,18,8,268,6,42.2913431869751,3.0,250,iOS,Free,0
MEM000916,18,3,331,7,75.91357602154652,1.0,597,iOS,Free,0
MEM000423,19,5,161,8,43.949530508831714,2.0,846,Android,Premium,0
MEM000613,18,11,888,3,11.413353671821003,1.0,511,iOS,Free,1
MEM000720,19,8,38,7,11.107242248952382,1.0,813,iOS,Premium,1
MEM000946,16,6,660,7,37.01616214293389,1.0,797,Android,Premium,0
MEM000398,13,6,270,6,24.66226766741396,6.0,317,iOS,Basic,0
MEM000217,15,11,358,5,49.92369006383524,0.0,480,iOS,Basic,0
MEM000101,17,7,63,2,48.85888626777191,1.0,827,Android,Basic,1
MEM000364,15,10,238,6,22.361120961336482,0.0,721,iOS,Free,0
MEM000999,13,12,242,6,20.842972846669007,2.0,460,iOS,Basic,0
MEM000420,18,10,169,6,21.44613498314268,3.0,524,iOS,Basic,1
MEM000888,16,13,226,8,28.287014963554828,2.0,736,iOS,Free,0
MEM000005,11,4,655,6,101.04043150811835,1.0,202,iOS,Free,0
MEM000123,10,7,598,3,102.58530356273006,0.0,399,iOS,Free,0
MEM000259,9,9,725,3,66.38468104654544,,734,Web,Basic,0
MEM000782,21,9,908,4,96.78364227933469,2.0,1091,iOS,Premium,0
MEM000062,13,9,624,8,104.28406758037987,2.0,946,iOS,Free,0
MEM000735,24,7,1091,4,24.9440092318056,5.0,1036,iOS,Basic,1
